﻿GeogName,GeoID,Borough,Pop16plE,MdHHIncE
Bath Beach,BK27,Brooklyn,"26,855","58,243"
Bay Ridge,BK31,Brooklyn,"65,479","63,539"
Bedford,BK75,Brooklyn,"54,904","39,970"
Bensonhurst East,BK29,Brooklyn,"52,857","48,097"
Bensonhurst West,BK28,Brooklyn,"74,470","51,035"
Borough Park,BK88,Brooklyn,"67,904","36,893"
Brighton Beach,BK19,Brooklyn,"28,462","35,699"
Brooklyn Heights-Cobble Hill,BK09,Brooklyn,"21,110","116,189"
Brownsville,BK81,Brooklyn,"45,400","24,504"
Bushwick North,BK77,Brooklyn,"48,546","46,485"
Bushwick South,BK78,Brooklyn,"60,916","39,733"
Canarsie,BK50,Brooklyn,"70,724","62,263"
Carroll Gardens-Columbia Street-Red Hook,BK33,Brooklyn,"34,479","91,757"
Clinton Hill,BK69,Brooklyn,"31,989","72,799"
Crown Heights North,BK61,Brooklyn,"87,976","40,678"
Crown Heights South,BK63,Brooklyn,"32,922","46,357"
Cypress Hills-City Line,BK83,Brooklyn,"38,106","45,720"
DUMBO-Vinegar Hill-Downtown Brooklyn-Boerum Hill,BK38,Brooklyn,"35,416","94,542"
Dyker Heights,BK30,Brooklyn,"36,996","56,310"
East Flatbush-Farragut,BK91,Brooklyn,"43,376","53,207"
East New York,BK82,Brooklyn,"71,139","35,656"
East New York (Pennsylvania Ave),BK85,Brooklyn,"21,926","29,183"
East Williamsburg,BK90,Brooklyn,"31,807","53,891"
Erasmus,BK95,Brooklyn,"22,701","42,858"
Flatbush,BK42,Brooklyn,"84,948","48,896"
Flatlands,BK58,Brooklyn,"58,241","69,459"
Fort Greene,BK68,Brooklyn,"25,298","59,907"
Georgetown-Marine Park-Bergen Beach-Mill Basin,BK45,Brooklyn,"37,709","80,660"
Gravesend,BK26,Brooklyn,"24,649","38,573"
Greenpoint,BK76,Brooklyn,"30,264","74,283"
Homecrest,BK25,Brooklyn,"33,254","52,093"
Kensington-Ocean Parkway,BK41,Brooklyn,"28,137","54,163"
Madison,BK44,Brooklyn,"32,743","58,966"
Midwood,BK43,Brooklyn,"40,368","46,598"
North Side-South Side,BK73,Brooklyn,"45,544","73,312"
Ocean Hill,BK79,Brooklyn,"25,716","35,638"
Ocean Parkway South,BK46,Brooklyn,"15,103","54,104"
Park Slope-Gowanus,BK37,Brooklyn,"60,537","113,781"
park-cemetery-etc-Brooklyn,BK99,Brooklyn,321,"102,205"
Prospect Heights,BK64,Brooklyn,"17,456","89,061"
Prospect Lefferts Gardens-Wingate,BK60,Brooklyn,"55,671","43,485"
Rugby-Remsen Village,BK96,Brooklyn,"45,536","45,863"
Seagate-Coney Island,BK21,Brooklyn,"23,598","26,033"
Sheepshead Bay-Gerritsen Beach-Manhattan Beach,BK17,Brooklyn,"55,175","54,371"
Starrett City,BK93,Brooklyn,"10,433","24,601"
Stuyvesant Heights,BK35,Brooklyn,"54,071","41,269"
Sunset Park East,BK34,Brooklyn,"54,699","39,200"
Sunset Park West,BK32,Brooklyn,"45,626","47,397"
West Brighton,BK23,Brooklyn,"14,457","40,910"
Williamsburg,BK72,Brooklyn,"18,882","23,188"
Windsor Terrace,BK40,Brooklyn,"17,522","91,219"
Battery Park City-Lower Manhattan,MN25,Manhattan,"39,203","134,266"
Central Harlem North-Polo Grounds,MN03,Manhattan,"68,603","35,748"
Central Harlem South,MN11,Manhattan,"40,518","53,590"
Chinatown,MN27,Manhattan,"40,184","38,854"
Clinton,MN15,Manhattan,"41,934","81,845"
East Harlem North,MN34,Manhattan,"48,298","27,377"
East Harlem South,MN33,Manhattan,"49,982","36,766"
East Village,MN22,Manhattan,"41,068","73,965"
Gramercy,MN21,Manhattan,"26,343","116,266"
Hamilton Heights,MN04,Manhattan,"44,399","44,173"
Hudson Yards-Chelsea-Flat Iron-Union Square,MN13,Manhattan,"69,699","109,092"
Lenox Hill-Roosevelt Island,MN31,Manhattan,"71,047","105,539"
Lincoln Square,MN14,Manhattan,"51,778","121,137"
Lower East Side,MN28,Manhattan,"63,080","31,180"
Manhattanville,MN06,Manhattan,"20,103","30,871"
Marble Hill-Inwood,MN01,Manhattan,"43,004","40,278"
Midtown-Midtown South,MN17,Manhattan,"26,120","116,456"
Morningside Heights,MN09,Manhattan,"47,336","63,563"
Murray Hill-Kips Bay,MN20,Manhattan,"43,655","95,701"
park-cemetery-etc-Manhattan,MN99,Manhattan,"1,759",
SoHo-TriBeCa-Civic Center-Little Italy,MN24,Manhattan,"36,989","121,638"
Stuyvesant Town-Cooper Village,MN50,Manhattan,"19,278","97,212"
Turtle Bay-East Midtown,MN19,Manhattan,"45,690","119,688"
Upper East Side-Carnegie Hill,MN40,Manhattan,"49,438","155,786"
Upper West Side,MN12,Manhattan,"114,942","99,320"
Washington Heights North,MN35,Manhattan,"62,317","48,800"
Washington Heights South,MN36,Manhattan,"79,005","39,841"
West Village,MN23,Manhattan,"61,658","119,593"
Yorkville,MN32,Manhattan,"71,542","99,282"
Airport,QN98,Queens,0,
Astoria,QN70,Queens,"68,317","59,453"
Auburndale,QN48,Queens,"17,073","74,862"
Baisley Park,QN76,Queens,"31,094","62,609"
Bayside-Bayside Hills,QN46,Queens,"37,551","81,794"
Bellerose,QN43,Queens,"21,707","74,950"
Breezy Point-Belle Harbor-Rockaway Park-Broad Channel,QN10,Queens,"22,761","80,924"
Briarwood-Jamaica Hills,QN35,Queens,"35,221","62,588"
Cambria Heights,QN33,Queens,"16,620","82,100"
College Point,QN23,Queens,"20,643","55,021"
Corona,QN25,Queens,"44,782","45,589"
Douglas Manor-Douglaston-Little Neck,QN45,Queens,"21,420","83,413"
East Elmhurst,QN27,Queens,"17,586","48,362"
East Flushing,QN52,Queens,"22,672","48,666"
Elmhurst,QN29,Queens,"68,715","44,367"
Elmhurst-Maspeth,QN50,Queens,"22,258","56,797"
Far Rockaway-Bayswater,QN15,Queens,"39,592","43,722"
Flushing,QN22,Queens,"60,539","37,698"
Forest Hills,QN17,Queens,"71,980","70,278"
Fresh Meadows-Utopia,QN41,Queens,"15,726","71,429"
Ft. Totten-Bay Terrace-Clearview,QN47,Queens,"18,858","76,137"
Glen Oaks-Floral Park-New Hyde Park,QN44,Queens,"20,313","84,340"
Glendale,QN19,Queens,"28,072","70,509"
Hammels-Arverne-Edgemere,QN12,Queens,"29,066","39,374"
Hollis,QN07,Queens,"17,387","66,176"
Hunters Point-Sunnyside-West Maspeth,QN31,Queens,"56,920","67,822"
Jackson Heights,QN28,Queens,"86,461","53,288"
Jamaica,QN61,Queens,"43,490","42,970"
Jamaica Estates-Holliswood,QN06,Queens,"21,980","69,745"
Kew Gardens,QN60,Queens,"19,303","63,518"
Kew Gardens Hills,QN37,Queens,"30,235","64,561"
Laurelton,QN66,Queens,"22,081","81,795"
Lindenwood-Howard Beach,QN57,Queens,"23,412","68,531"
Maspeth,QN30,Queens,"23,667","62,820"
Middle Village,QN21,Queens,"31,684","72,118"
Murray Hill,QN51,Queens,"44,665","52,762"
North Corona,QN26,Queens,"40,891","47,218"
Oakland Gardens,QN42,Queens,"23,457","70,660"
Old Astoria,QN71,Queens,"24,053","55,087"
Ozone Park,QN56,Queens,"18,662","70,275"
park-cemetery-etc-Queens,QN99,Queens,281,"58,460"
Pomonok-Flushing Heights-Hillcrest,QN38,Queens,"29,414","52,068"
Queens Village,QN34,Queens,"45,828","70,880"
Queensboro Hill,QN62,Queens,"18,082","55,740"
Queensbridge-Ravenswood-Long Island City,QN68,Queens,"15,769","28,870"
Rego Park,QN18,Queens,"24,163","57,539"
Richmond Hill,QN54,Queens,"54,458","60,779"
Ridgewood,QN20,Queens,"57,860","55,788"
Rosedale,QN05,Queens,"21,978","86,452"
South Jamaica,QN01,Queens,"32,122","48,375"
South Ozone Park,QN55,Queens,"69,511","62,651"
Springfield Gardens North,QN02,Queens,"22,173","53,006"
Springfield Gardens South-Brookville,QN03,Queens,"17,194","75,244"
St. Albans,QN08,Queens,"43,580","71,487"
Steinway,QN72,Queens,"41,838","64,259"
Whitestone,QN49,Queens,"25,359","79,557"
Woodhaven,QN53,Queens,"50,024","64,408"
Woodside,QN63,Queens,"37,798","51,485"
Annadale-Huguenot-Prince's Bay-Eltingville,SI01,Staten Island,"23,671","92,853"
Arden Heights,SI48,Staten Island,"21,150","84,490"
Charleston-Richmond Valley-Tottenville,SI11,Staten Island,"19,291","86,645"
Grasmere-Arrochar-Ft. Wadsworth,SI14,Staten Island,"12,686","74,103"
Great Kills,SI54,Staten Island,"35,958","91,161"
Grymes Hill-Clifton-Fox Hills,SI08,Staten Island,"17,145","55,814"
Mariner's Harbor-Arlington-Port Ivory-Graniteville,SI12,Staten Island,"23,256","59,106"
New Brighton-Silver Lake,SI35,Staten Island,"14,140","72,283"
New Dorp-Midland Beach,SI45,Staten Island,"17,282","77,658"
New Springville-Bloomfield-Travis,SI05,Staten Island,"33,186","76,123"
Oakwood-Oakwood Beach,SI25,Staten Island,"17,332","75,638"
Old Town-Dongan Hills-South Beach,SI36,Staten Island,"20,610","65,994"
park-cemetery-etc-Staten Island,SI99,Staten Island,0,
Port Richmond,SI28,Staten Island,"15,378","62,339"
Rossville-Woodrow,SI32,Staten Island,"17,061","93,405"
Stapleton-Rosebank,SI37,Staten Island,"20,812","53,120"
Todt Hill-Emerson Hill-Heartland Village-Lighthouse Hill,SI24,Staten Island,"26,686","83,355"
West New Brighton-New Brighton-St. George,SI22,Staten Island,"25,027","48,899"
Westerleigh,SI07,Staten Island,"19,640","79,491"
Allerton-Pelham Gardens,BX31,The Bronx,"26,656","59,992"
Bedford Park-Fordham North,BX05,The Bronx,"42,293","33,643"
Belmont,BX06,The Bronx,"22,085","24,727"
Bronxdale,BX07,The Bronx,"30,046","35,431"
Claremont-Bathgate,BX01,The Bronx,"24,213","21,369"
Co-op City,BX13,The Bronx,"40,935","46,492"
Crotona Park East,BX75,The Bronx,"16,206","22,538"
East Concourse-Concourse Village,BX14,The Bronx,"49,034","28,772"
East Tremont,BX17,The Bronx,"33,134","22,130"
Eastchester-Edenwald-Baychester,BX03,The Bronx,"28,159","50,231"
Fordham South,BX40,The Bronx,"20,825","23,992"
Highbridge,BX26,The Bronx,"28,547","26,281"
Hunts Point,BX27,The Bronx,"19,678","22,679"
Kingsbridge Heights,BX30,The Bronx,"24,395","32,458"
Longwood,BX33,The Bronx,"21,290","25,381"
Melrose South-Mott Haven North,BX34,The Bronx,"30,880","24,693"
Morrisania-Melrose,BX35,The Bronx,"30,392","27,931"
Mott Haven-Port Morris,BX39,The Bronx,"39,844","21,469"
Mount Hope,BX41,The Bronx,"40,169","26,762"
North Riverdale-Fieldston-Riverdale,BX22,The Bronx,"22,410","85,783"
Norwood,BX43,The Bronx,"32,074","32,396"
park-cemetery-etc-Bronx,BX99,The Bronx,"1,414","47,979"
Parkchester,BX46,The Bronx,"24,963","50,466"
Pelham Bay-Country Club-City Island,BX10,The Bronx,"22,024","64,636"
Pelham Parkway,BX49,The Bronx,"24,235","54,087"
Rikers Island,BX98,The Bronx,"7,503",
Schuylerville-Throgs Neck-Edgewater Park,BX52,The Bronx,"38,839","69,686"
Soundview-Bruckner,BX55,The Bronx,"28,503","29,638"
Soundview-Castle Hill-Clason Point-Harding Park,BX09,The Bronx,"44,333","35,771"
Spuyten Duyvil-Kingsbridge,BX29,The Bronx,"25,714","68,776"
University Heights-Morris Heights,BX36,The Bronx,"41,746","22,776"
Van Cortlandt Village,BX28,The Bronx,"40,030","42,564"
Van Nest-Morris Park-Westchester Square,BX37,The Bronx,"22,731","46,002"
West Concourse,BX63,The Bronx,"28,216","26,520"
West Farms-Bronx River,BX08,The Bronx,"27,277","29,306"
Westchester-Unionport,BX59,The Bronx,"22,508","43,412"
Williamsbridge-Olinville,BX44,The Bronx,"50,582","40,791"
Woodlawn-Wakefield,BX62,The Bronx,"35,865","57,189"
,,,,
,,,,